Order number,Ordered for,NBN Co Location ID,Date ordered,Order Planned Completion Date,PWO,CWO,nbnreasoncode,nbnappend,Call Received,Truck Rolls,SP status, Completion,Percentage Completetion
ORD420020641820,ASI000000001074,LOC000002093666,22/03/2019 14:34,28/03/2019 12:00,WOR700039856973,WOR700039856987,FINISHED,28/03/2019 12:00,,Yes,Complete,1,
ORD410001533439,ASI000000000035,LOC000004731309,20/03/2019 15:14,27/03/2019 17:00,WOR700039658225,WOR700039658239,FINISHED,27/03/2019 17:00,Yes,Yes,Complete,1,
ORD420020549165,ASI000000000035,LOC000004731309,20/03/2019 12:43,27/03/2019 17:00,WOR700039631376,WOR700039631382,FINISHED,27/03/2019 17:00,Yes,Yes,Complete,1,
ORD420019617048,ASI000000000035,LOC000004993857,25/02/2019 18:09,25/03/2019 12:00,WOR700037623574,WOR700037623588,NO-RESOURCE-CAPACITY,25/03/2019 13:00,,,In progress,0,
ORD420019618459,ASI000000000035,LOC000004993857,25/02/2019 18:40,26/03/2019 12:00,WOR700037627306,WOR700037627310,ORDER-CAN,26/03/2019 13:00,Yes,Yes,Cancelled,0,
ORD420020228261,ASI000000000026,LOC000007948802,13/03/2019 10:30,27/03/2019 11:00,WOR700038993631,WOR700038993649,PHY-INST-COMP,27/03/2019 15:00,Yes,Yes,Complete,1,
ORD420020690561,ASI000000220777,LOC000007948802,23/03/2019 11:33,1/04/2019 17:00,WOR700039936447,WOR700039936452,ASSIGNED,1/04/2019 20:00,,,In progress,0,
ORD420019989140,ASI000000220282,LOC000009887896,7/03/2019 11:20,28/03/2019 17:00,WOR700038529825,WOR700038529839,EU-TECHNICIAN-REQUIRED,28/03/2019 18:00,Yes,Yes,In progress - Pending,0,
ORD420020324681,ASI000000001104,LOC000010073069,15/03/2019 8:10,28/03/2019 17:00,WOR700039303376,WOR700039303382,FINISHED,28/03/2019 17:00,,Yes,Complete,1,
ORD410001458844,ASI000000000035,LOC000010607891,4/03/2019 15:49,27/03/2019 12:00,WOR700039614111,WOR700039614124,FINISHED,27/03/2019 15:00,,Yes,Complete,1,
ORD420020318585,ASI000000000035,LOC000010607891,15/03/2019 3:42,1/04/2019 17:00,WOR700039181817,WOR700039181829,ASSIGNED,1/04/2019 20:00,,,In progress,0,
ORD420020401640,ASI000000220777,LOC000010892255,17/03/2019 15:32,28/03/2019 17:00,WOR700039342798,WOR700039342808,FINISHED,28/03/2019 17:00,,Yes,Complete,1,
ORD420020549235,ASI000000220282,LOC000010892255,20/03/2019 12:45,30/03/2019 17:00,WOR700039632032,WOR700039632045,FINISHED-NIA,30/03/2019 17:00,Yes,Yes,In progress - Pending,0,
ORD420020318724,ASI000000001074,LOC000011896281,15/03/2019 4:15,28/03/2019 12:00,WOR700039181990,WOR700039182000,NEW-LIC-CIVILS,28/03/2019 12:00,Yes,Yes,In progress - Held,0,
ORD420020431422,ASI000000001074,LOC000012719767,18/03/2019 11:50,27/03/2019 17:00,WOR700039425789,WOR700039425791,FINISHED,27/03/2019 17:00,,Yes,Complete,1,
ORD420019645334,ASI000000000035,LOC000014636277,26/02/2019 13:04,27/03/2019 12:00,WOR700037698222,WOR700037698233,EU-DECLINE-CONNECTION,27/03/2019 12:00,Yes,Yes,In progress,0,
ORD420020322512,ASI000000000026,LOC000014636277,15/03/2019 7:12,25/03/2019 17:00,WOR700039187902,WOR700039187918,FINISHED,25/03/2019 17:00,,Yes,Complete,1,
ORD420020604775,ASI000000000035,LOC000015037952,21/03/2019 23:57,26/03/2019 12:00,WOR700039818098,WOR700039818112,FINISHED,26/03/2019 13:00,,Yes,Complete,1,
ORD420020605191,ASI000000000035,LOC000015037952,22/03/2019 0:13,27/03/2019 17:00,WOR700039816614,WOR700039816633,EU-DECLINE-CONNECTION,27/03/2019 18:00,Yes,Yes,In progress,0,
ORD420020320882,ASI000000000026,LOC000015219828,15/03/2019 5:57,28/03/2019 12:00,WOR700039197162,WOR700039197191,WITHIN-3-DAYS-PRE-CALL-CANCELLATION,28/03/2019 12:00,,,In progress,0,
ORD420020344234,ASI000000220777,LOC000015219828,15/03/2019 18:04,28/03/2019 17:00,WOR700039262736,WOR700039262743,FINISHED-NIA,28/03/2019 17:00,Yes,Yes,In progress - Pending,0,
ORD420020388465,ASI000000000035,LOC000015414214,16/03/2019 16:59,25/03/2019 17:00,WOR700039328098,WOR700039328108,FINISHED,25/03/2019 18:00,,Yes,Complete,1,
ORD420019914515,ASI000000220777,LOC000015861609,5/03/2019 16:14,1/04/2019 12:00,WOR700038349810,WOR700038349823,ASSIGNED,1/04/2019 12:00,,,In progress - Pending,0,
ORD420020290971,ASI000000000026,LOC000015861609,14/03/2019 10:42,28/03/2019 11:00,WOR700039111968,WOR700039111981,FINISHED,28/03/2019 12:00,,Yes,Complete,1,
ORD410001501825,ASI000000220777,LOC000015876517,15/03/2019 12:20,29/03/2019 12:00,WOR700039215253,WOR700039215276,PHY-INST-COMP,29/03/2019 12:00,,Yes,Complete,1,
ORD420020071835,ASI000000220777,LOC000015876517,9/03/2019 14:21,29/03/2019 12:00,WOR700039371709,WOR700039371713,EU-DECLINE-CONNECTION,29/03/2019 12:00,Yes,Yes,In progress,0,
ORD420020400811,ASI000000001074,LOC000016041609,17/03/2019 14:05,26/03/2019 17:00,WOR700039341045,WOR700039341050,FINISHED,26/03/2019 17:00,,Yes,Complete,1,
ORD420020074525,ASI000000000035,LOC000016075520,9/03/2019 16:06,26/03/2019 17:00,WOR700038756621,WOR700038756632,PHY-INST-COMP,26/03/2019 17:00,,Yes,Complete,1,
ORD420020131415,ASI000000151622,LOC000016075520,11/03/2019 15:53,27/03/2019 12:00,WOR700038833452,WOR700038833468,FINISHED,27/03/2019 12:00,,Yes,Complete,1,
ORD420020380805,ASI000000001104,LOC000016809396,16/03/2019 10:51,1/04/2019 11:00,WOR700039306513,WOR700039306521,ASSIGNED,1/04/2019 12:00,,,In progress,0,
ORD420020383526,ASI000000001104,LOC000016809396,16/03/2019 12:50,1/04/2019 11:00,WOR700039314661,WOR700039314674,ASSIGNED,1/04/2019 12:00,,,In progress,0,
ORD420020586800,ASI000000000035,LOC000019113109,21/03/2019 16:13,26/03/2019 11:00,WOR700039749225,WOR700039749241,PHY-INT-COMP,26/03/2019 13:00,,Yes,Complete,1,
ORD420020452966,ASI000000000026,LOC000019134833,18/03/2019 20:11,1/04/2019 12:00,WOR700039454721,WOR700039454732,ASSIGNED,1/04/2019 13:00,,,In progress,0,
ORD420020451228,ASI000000000035,LOC000020222872,18/03/2019 19:49,29/03/2019 12:00,WOR700039452348,WOR700039452369,FINISHED,29/03/2019 12:00,,Yes,Complete,1,
ORD420020113561,ASI000000221038,LOC000020801964,10/03/2019 17:04,30/03/2019 17:00,WOR700038784100,WOR700038784116,FINISHED,30/03/2019 18:00,,Yes,Complete,1,
ORD420020133734,ASI000000000035,LOC000020801964,11/04/2019 16:42,28/03/2019 17:00,WOR700038840843,WOR700038840858,ASSIGNED,28/03/2019 18:00,,,In progress,0,
ORD410001457220,ASI000000001094,LOC000021547898,4/03/2019 8:38,27/03/2019 12:00,WOR700038186218,WOR700038186225,EU-DECLINE-INSTALLATION-METHOD,27/03/2019 12:00,Yes,Yes,In progress,0,
ORD410001457249,ASI000000001094,LOC000021547898,4/03/2019 8:50,27/03/2019 12:00,WOR700038186729,WOR700038186738,EU-TECHNICIAN-REQUIRED,27/03/2019 12:00,Yes,Yes,In progress,0,
ORD420019743309,ASI000000000035,LOC000021614494,28/02/2019 15:34,27/03/2019 17:00,WOR700037948588,WOR700037948601,TAP-SIGNAL-ISSUE,27/03/2019 17:00,Yes,Yes,In progress - Held,0,
ORD420019745505,ASI000000000035,LOC000021614494,28/02/2019 16:21,27/03/2019 17:00,WOR700037956252,WOR700037956268,DELAY-OTHER-RESCHEDULE,27/03/2019 17:00,Yes,Yes,In progress,0,
ORD420020061105,ASI000000000026,LOC000022329390,9/03/2019 5:29,30/03/2019 11:00,WOR700038726004,WOR700039322800,FINISHED-NIA,30/03/2019 13:00,Yes,Yes,In progress,0,
ORD420020635273,ASI000000000035,LOC000022329390,22/03/2019 13:11,27/03/2019 11:00,WOR700039843912,WOR700039843920,WORKFORCE-ADDITIONAL-SKILLS,27/03/2019 13:00,Yes,Yes,In progress,0,
ORD420020290651,ASI000000000035,LOC000022804445,14/03/2019 10:29,28/03/2019 12:00,WOR700039098482,WOR700039098509,FINISHED,28/03/2019 12:00,,Yes,Complete,1,
ORD420020324578,ASI000000000035,LOC000022804445,15/03/2019 8:01,28/03/2019 12:00,WOR700039191709,WOR700039191713,FINISHED,28/03/2019 12:00,,Yes,Complete,1,
ORD410001501319,ASI000000001094,LOC000023352436,15/03/2019 10:16,26/03/2019 12:00,WOR700039200190,WOR700039200208,ON-APPROACH-PRE-CALL-CANCELLATION,26/03/2019 12:00,Yes,Yes,In progress,0,
ORD410001501357,ASI000000001094,LOC000023352436,15/03/2019 10:21,26/03/2019 12:00,WOR700039200980,WOR700039200998,ON-APPROACH-PRE-CALL-CANCELLATION,26/03/2019 12:00,Yes,Yes,In progress,0,
ORD420020491972,ASI000000220777,LOC000023860715,19/03/2019 12:56,29/03/2019 17:00,WOR700039515418,WOR700039515425,ORDER-CAN,29/03/2019 17:00,,,Cancelled,0,
ORD420020492383,ASI000000220777,LOC000023860715,19/03/2019 13:11,1/04/2019 17:00,WOR700039517534,WOR700039517552,ASSIGNED,1/04/2019 17:00,,,In progress,0,
ORD420020508993,ASI000000220777,LOC000025017629,19/03/2019 19:27,27/03/2019 17:00,WOR700039573776,WOR700039573782,INCORRECT-ADDRESS,27/03/2019 18:00,Yes,Yes,In progress - Pending,0,
ORD420019748446,ASI000000001104,LOC000026373225,28/02/2019 17:30,28/03/2019 17:00,WOR700037965150,WOR700037965166,BOOKED,28/03/2019 17:00,,,In progress,0,
ORD420019748530,ASI000000001104,LOC000026373225,28/02/2019 17:31,28/03/2019 17:00,WOR700037965355,WOR700037965364,FINISHED,28/03/2019 17:00,,Yes,Complete,1,
ORD420019755149,ASI000000001074,LOC000026422831,28/02/2019 19:19,29/03/2019 17:00,WOR700037982700,WOR700037982716,FINISHED,29/03/2019 17:00,,Yes,Complete,1,
ORD420020480019,ASI000000000026,LOC000026422831,19/03/2019 6:26,27/03/2019 17:00,WOR700039484066,WOR700039484078,PHY-INST-COMP,27/03/2019 18:00,Yes,Yes,Complete,1,
ORD420019782686,ASI000000220777,LOC000026908609,1/03/2019 12:52,28/03/2019 12:00,WOR700038047791,WOR700038047801,FINISHED,28/03/2019 12:00,,Yes,Complete,1,
ORD420020150998,ASI000000000035,LOC000026908609,12/03/2019 1:38,27/03/2019 11:00,WOR700038875550,WOR700038875566,WITHIN-3-DAYS-PRE-CALL-CANCELLATION,27/03/2019 12:00,,,In progress,0,
ORD420020188473,ASI000000220777,LOC000027001468,12/03/2019 17:55,28/03/2019 12:00,WOR700038946538,WOR700038946540,FINISHED-NIA,28/03/2019 12:00,Yes,Yes,In progress - Pending,0,
ORD420020228337,ASI000000220777,LOC000027001468,13/03/2019 10:32,28/03/2019 12:00,WOR700038993789,WOR700038993791,FINISHED,28/03/2019 12:00,,Yes,Complete,1,
ORD420019732285,ASI000000000035,LOC000029023501,28/02/2019 12:04,27/03/2019 17:00,WOR700037915376,WOR700037915382,FINISHED,27/03/2019 18:00,,Yes,Complete,1,
ORD420019707051,ASI000000220777,LOC000029601057,27/02/2019 18:56,28/03/2019 12:00,WOR700037878725,WOR700037878739,FINISHED,28/03/2019 12:00,,Yes,Complete,1,
ORD420019709049,ASI000000220777,LOC000029601057,27/02/2019 19:50,29/03/2019 12:00,WOR700037878149,WOR700037878154,WITHIN-3-DAYS-PRE-CALL-CANCELLATION,29/03/2019 12:00,,,In progress - Pending,0,
ORD420020017537,ASI000000001074,LOC000029653757,7/03/2019 22:39,30/03/2019 17:00,WOR700038615029,WOR700038615038,FINISHED,30/03/2019 17:00,,Yes,Complete,1,
ORD420020405742,ASI000000000035,LOC000030196444,17/03/2019 19:27,1/04/2019 17:00,WOR700039353240,WOR700039353264,ASSIGNED,1/04/2019 17:00,,,In progress,0,
ORD420020405800,ASI000000000035,LOC000030196444,17/03/2019 19:28,1/04/2019 17:00,WOR700039353744,WOR700039353759,ASSIGNED,1/04/2019 17:00,,,In progress,0,
ORD420020621855,ASI000000220777,LOC000030824124,22/03/2019 10:26,26/03/2019 17:00,WOR700039817517,WOR700039817529,FINISHED,26/03/2019 18:00,Yes,Yes,Complete,1,
ORD420020623476,ASI000000220777,LOC000030824124,22/03/2019 10:50,27/03/2019 11:00,WOR700039820860,WOR700039820887,EU-DECLINE-CONNECTION,27/03/2019 13:00,Yes,Yes,Cancelled,0,
ORD420020515693,ASI000000220777,LOC000035020278,19/03/2019 21:08,1/04/2019 12:00,WOR700039584682,WOR700039584695,ASSIGNED,1/04/2019 12:00,,,In progress,0,
ORD410001502922,ASI000000001094,LOC000035513662,15/03/2019 15:58,28/03/2019 12:00,WOR700039244312,WOR700039244349,FINISHED,28/03/2019 12:00,,Yes,In progress - Pending,0,
ORD410001502967,ASI000000001094,LOC000035513662,15/03/2019 16:00,28/03/2019 17:00,WOR700039245073,WOR700039245087,FINISHED-NIA,28/03/2019 17:00,Yes,Yes,In progress - Pending,0,
ORD420020282508,ASI000000000035,LOC000035748453,14/03/2019 5:39,27/03/2019 11:00,WOR700039082948,WOR700039082953,PHY-INST-COMP,27/03/2019 12:00,,Yes,Complete,1,
ORD410001491590,ASI000000000035,LOC000036224729,12/03/2019 16:13,28/03/2019 12:00,WOR700038932834,WOR700039625059,FINISHED,28/03/2019 12:30,,Yes,Complete,1,
ORD420020517597,ASI000000000035,LOC000036832151,19/03/2019 21:32,27/03/2019 17:00,WOR700039587117,WOR700039587129,FINISHED,27/03/2019 18:00,Yes,Yes,Complete,1,
ORD420020429117,ASI000000000035,LOC000038779371,18/03/2019 10:06,1/04/2019 12:00,WOR700039370564,WOR700039370572,ASSIGNED,1/04/2019 12:00,,,In progress,0,
ORD420020660596,ASI000000001074,LOC000041278099,22/03/2019 20:38,29/03/2019 12:00,WOR700039904348,WOR700039904353,FINISHED,29/03/2019 12:30,,Yes,Complete,1,
ORD420020660698,ASI000000001074,LOC000041278099,22/03/2019 20:39,29/03/2019 12:00,WOR700039905277,WOR700039905283,FINISHED,29/03/2019 12:30,,Yes,Complete,1,
ORD420020478452,ASI000000000026,LOC000041303626,19/03/2019 5:47,26/03/2019 12:00,WOR700039476274,WOR700039476288,NO-RESOURCE-CAPACITY,26/03/2019 13:00,,,In progress - Pending,0,
ORD420020478614,ASI000000000026,LOC000041303626,19/03/2019 5:49,26/03/2019 12:00,WOR700039476430,WOR700039476448,NO-RESOURCE-CAPACITY,26/03/2019 13:00,,,In progress - Pending,0,
ORD420020478646,ASI000000000026,LOC000041303626,19/03/2019 5:49,26/03/2019 12:00,WOR700039476453,WOR700039476469,FINISHED,26/03/2019 13:00,Yes,Yes,Complete,1,
ORD420020490788,ASI000000000035,LOC000041504465,19/03/2019 12:24,26/03/2019 12:00,WOR700039510959,WOR700039510963,FINISHED,26/03/2019 13:00,,Yes,Complete,1,
ORD420020197426,ASI000000001074,LOC000042790631,12/03/2019 20:44,29/03/2019 12:00,WOR700038964801,WOR700039727246,FINISHED,29/03/2019 13:00,,Yes,Complete,1,
ORD420019752123,ASI000000001074,LOC000043022132,28/02/2019 18:37,29/03/2019 17:00,WOR700037975153,WOR700037975169,WITHIN-3-DAYS-PRE-CALL-CANCELLATION,29/03/2019 17:00,,,Cancelled,0,
ORD420020165194,ASI000000000026,LOC000043022132,12/03/2019 5:55,26/03/2019 11:00,WOR700038882803,WOR700038882819,EU-DECLINE-CONNECTION,26/03/2019 12:00,Yes,Yes,In progress,0,
ORD420019799644,ASI000000000035,LOC000044134893,1/03/2019 20:19,29/03/2019 12:00,WOR700038106758,WOR700038106762,EU-DECLINE-CONNECTION,29/03/2019 12:00,Yes,Yes,In progress - Pending,0,
ORD420019803691,ASI000000000035,LOC000044134893,2/03/2019 1:16,28/03/2019 17:00,WOR700038115823,WOR700038115834,FINISHED,28/03/2019 17:00,,Yes,Complete,1,
ORD420019783534,ASI000000220777,LOC000045924150,1/03/2019 13:13,28/03/2019 12:00,WOR700038051327,WOR700038051343,NEW-LIC-CIVILS,28/03/2019 12:00,Yes,Yes,In progress - Held,0,
ORD420019789047,ASI000000220777,LOC000045924150,1/03/2019 15:25,29/03/2019 12:00,WOR700038071419,WOR700038071435,WITHIN-3-DAYS-PRE-CALL-CANCELLATION,29/03/2019 12:00,,,In progress - Pending,0,
ORD420020125879,ASI000000000035,LOC000049089837,11/03/2019 13:06,28/03/2019 12:00,WOR700039117969,WOR700039117976,ORDER-CAN,28/03/2019 12:00,,,Cancelled,0,
ORD420019915503,ASI000000000035,LOC000049171373,5/03/2019 16:34,1/04/2019 17:00,WOR700038353969,WOR700038353976,ASSIGNED,1/04/2019 18:00,,,In progress,0,
ORD420020645329,ASI000000220777,LOC000049171373,22/03/2019 15:48,29/03/2019 12:00,WOR700039867736,WOR700039867758,FINISHED-NIA,29/03/2019 13:00,Yes,Yes,In progress - Pending,0,
ORD420019712742,ASI000000221038,LOC000049741364,27/02/2019 21:50,1/04/2019 17:00,WOR700038077692,WOR700038077709,ASSIGNED,1/04/2019 17:00,,,In progress,0,
ORD420019876097,ASI000000221038,LOC000051342406,4/03/2019 22:03,28/03/2019 17:00,WOR700038279196,WOR700038279203,NO-RESOURCE-CAPACITY,28/03/2019 18:00,,,In progress,0,
ORD420019910105,ASI000000000035,LOC000051671769,5/03/2019 14:26,27/03/2019 17:00,WOR700038333779,WOR700038333780,FINISHED,27/03/2019 17:00,,Yes,Complete,1,
ORD420019914298,ASI000000001074,LOC000051671769,5/03/2019 16:11,1/04/2019 17:00,WOR700038349351,WOR700038349367,ASSIGNED,1/04/2019 17:00,,,In progress,0,
ORD410001521842,ASI000000220777,LOC000051712818,19/03/2019 18:38,26/03/2019 11:00,WOR700039568149,WOR700039568183,EU-TIME-CONSTRAINT,26/03/2019 13:00,Yes,Yes,In progress,0,
ORD410001521888,ASI000000220777,LOC000051712818,19/03/2019 18:46,26/03/2019 11:00,WOR700039569307,WOR700039569311,ON-TIME,26/03/2019 13:00,Yes,Yes,Cancelled,0,
ORD420019663212,ASI000000220777,LOC000053589780,26/02/2019 20:58,27/03/2019 12:00,WOR700037762381,WOR700037762399,NO-RESOURCE-CAPACITY,27/03/2019 12:00,,,In progress - Pending,0,
ORD420019790968,ASI000000220777,LOC000053589780,1/03/2019 16:13,27/03/2019 17:00,WOR700039482240,WOR700039482255,EU-DECLINE-INSTALLATION-METHOD,27/03/2019 18:00,Yes,Yes,In progress,0,
ORD420020504421,ASI000000220777,LOC000054807158,19/03/2019 17:59,27/03/2019 12:00,WOR700039562166,WOR700039562184,FINISHED,27/03/2019 13:00,,Yes,Complete,1,
ORD420020624954,ASI000000000035,LOC000054807158,22/03/2019 11:09,29/03/2019 11:00,WOR700039823131,WOR700039823165,EU-DECLINE-CONNECTION,29/03/2019 13:00,Yes,Yes,Cancelled,0,
ORD420019898538,ASI000000000035,LOC000054914685,5/03/2019 6:17,1/04/2019 11:00,WOR700038289963,WOR700038289971,ON-TIME,1/04/2019 12:00,,,In progress,0,
ORD420020585079,ASI000000220777,LOC000054914685,21/03/2019 15:48,27/03/2019 11:00,WOR700039745440,WOR700039745455,EU-TIME-CONSTRAINT,27/03/2019 12:00,Yes,Yes,In progress - Pending,0,
ORD420019681383,ASI000000000035,LOC000057278614,27/02/2019 5:27,27/03/2019 17:00,WOR700037775352,WOR700037775368,ORDER-CAN,27/03/2019 17:00,,,Cancelled,0,
ORD420020388925,ASI000000000035,LOC000057364477,16/03/2019 17:16,29/03/2019 12:00,WOR700039328940,WOR700039328955,FINISHED,29/03/2019 12:00,,Yes,Complete,1,
ORD420020703455,ASI000000000035,LOC000057715296,23/03/2019 18:29,1/04/2019 17:00,WOR700039969512,WOR700039969520,ASSIGNED,1/04/2019 18:00,,,In progress,0,
ORD420020585634,ASI000000000035,LOC000060078016,21/03/2019 15:56,27/03/2019 17:00,WOR700039746557,WOR700039746561,FINISHED,27/03/2019 17:00,,Yes,Complete,1,
ORD420020586465,ASI000000000035,LOC000060078016,21/03/2019 16:07,27/03/2019 17:00,WOR700039749195,WOR700039749202,EU-DECLINE-CONNECTION,27/03/2019 17:00,Yes,Yes,In progress - Pending,0,
ORD420020074518,ASI000000000035,LOC000061049716,9/03/2019 16:06,26/03/2019 17:00,WOR700038756609,WOR700038756613,FINISHED,26/03/2019 17:00,,Yes,Complete,1,
ORD420020600942,ASI000000001074,LOC000061049716,21/03/2019 21:46,30/03/2019 12:00,WOR700039786597,WOR700039786606,FINISHED,30/03/2019 12:00,Yes,Yes,Complete,1,
ORD420020584078,ASI000000220777,LOC000062132556,21/03/2019 15:36,27/03/2019 17:00,WOR700039742909,WOR700039742913,FINISHED-NIA,27/03/2019 17:00,Yes,Yes,In progress - Pending,0,
ORD420020621024,ASI000000220777,LOC000062132556,22/03/2019 10:14,28/03/2019 17:00,WOR700039816447,WOR700039816452,EU-DECLINE-CONNECTION,28/03/2019 17:00,Yes,Yes,In progress - Pending,0,
ORD420020233315,ASI000000001074,LOC000065938478,13/03/2019 13:09,27/03/2019 12:00,WOR700039014716,WOR700039014728,EU-DECLINE-CONNECTION,27/03/2019 13:00,Yes,Yes,Cancelled,0,
ORD420020233327,ASI000000001074,LOC000065938478,13/03/2019 13:09,27/03/2019 12:00,WOR700039014818,WOR700039014825,FINISHED,27/03/2019 13:00,,Yes,Complete,1,
ORD420020642826,ASI000000000035,LOC000066212630,22/03/2019 14:56,27/03/2019 17:00,WOR700039859707,WOR700039859711,ASSIGNED,27/03/2019 19:00,,,In progress,0,
ORD420020643619,ASI000000000035,LOC000066212630,22/03/2019 15:17,28/03/2019 11:00,WOR700039862334,WOR700039862347,ORDER-CAN,28/03/2019 13:00,,,Cancelled,0,
ORD420019986372,ASI000000220777,LOC000066936313,7/03/2019 9:22,28/03/2019 17:00,WOR700038519518,WOR700038519539,FINISHED,28/03/2019 17:00,,Yes,Complete,1,
ORD420020121904,ASI000000220282,LOC000067330261,11/03/2019 11:15,29/03/2019 12:00,WOR700038802082,WOR700038802095,FINISHED,29/03/2019 12:00,,Yes,Complete,1,
ORD420020236525,ASI000000000035,LOC000068572610,13/03/2019 15:09,26/03/2019 12:00,WOR700039029290,WOR700039029316,FINISHED,26/03/2019 12:00,,Yes,Complete,1,
ORD420020489557,ASI000000220777,LOC000069432260,19/03/2019 11:46,30/03/2019 11:00,WOR700039505392,WOR700039505407,ON-TIME,30/03/2019 12:00,,,In progress,0,
ORD420020491521,ASI000000220777,LOC000069432260,19/03/2019 12:45,30/03/2019 11:00,WOR700039513902,WOR700039513918,FINISHED-NIA,30/03/2019 12:00,Yes,Yes,In progress - Pending,0,
ORD420020290900,ASI000000000035,LOC000069480259,14/03/2019 10:38,27/03/2019 17:00,WOR700039099779,WOR700039735367,ACTIVATIONS-MODEM-SIGNAL-ISSUE,27/03/2019 17:00,Yes,Yes,In progress - Held,0,
ORD420020506475,ASI000000220777,LOC000069842768,19/03/2019 18:31,1/04/2019 12:00,WOR700039567102,WOR700039567139,ASSIGNED,1/04/2019 12:00,,,In progress,0,
ORD420020517901,ASI000000220777,LOC000069842768,19/03/2019 21:39,1/04/2019 12:00,WOR700039587439,WOR700039587441,ASSIGNED,1/04/2019 12:00,,,In progress,0,
ORD420020519595,ASI000000220777,LOC000072402951,19/03/2019 22:20,27/03/2019 12:00,WOR700039588698,WOR700039588701,WEATHER-WET-WIND,27/03/2019 13:00,,Yes,In progress,0,
ORD420019690891,ASI000000220777,LOC000076809157,27/02/2019 12:12,1/04/2019 12:00,WOR700037953024,WOR700037953030,ASSIGNED,1/04/2019 12:00,,,In progress,0,
ORD420020441420,ASI000000220777,LOC000077003327,18/03/2019 16:36,29/03/2019 12:00,WOR700039422578,WOR700039422597,FINISHED,29/03/2019 12:00,,Yes,Complete,1,
ORD420020596780,ASI000000001074,LOC000077003327,21/03/2019 19:14,1/04/2019 12:00,WOR700039775175,WOR700039775181,ASSIGNED,1/04/2019 12:00,,,In progress,0,
ORD420020307091,ASI000000000035,LOC000078322609,14/03/2019 18:28,29/03/2019 12:00,WOR700039156861,WOR700039156874,FINISHED,29/03/2019 12:00,Yes,Yes,Complete,1,
ORD410001497976,ASI000000000035,LOC000079154489,14/03/2019 13:47,27/03/2019 12:00,WOR700039122884,WOR700039122897,FINISHED,27/03/2019 12:00,,Yes,Complete,1,
ORD420020723463,ASI000000000026,LOC000079592236,25/03/2019 12:32,29/03/2019 17:00,WOR700040025533,WOR700040025546,ORDER-CAN,29/03/2019 17:00,,,Cancelled,0,
ORD420020446869,ASI000000001074,LOC000079929689,18/03/2019 18:33,29/03/2019 17:00,WOR700039442323,WOR700039442347,PHY-INST-COMP,29/03/2019 17:00,,Yes,Complete,1,
ORD420020444026,ASI000000000035,LOC000080944673,18/03/2019 17:19,28/03/2019 17:00,WOR700039431756,WOR700039431760,WEATHER-HEAT-WIND,28/03/2019 17:00,,Yes,In progress - Pending,0,
ORD420020345061,ASI000000220777,LOC000084273232,15/03/2019 18:21,21/03/2019 17:00,WOR700039842819,WOR700039842826,FINISHED-NIA,28/03/2019 15:00,Yes,Yes,In progress - Pending,0,
ORD420020602711,ASI000000001074,LOC000084273232,21/03/2019 22:19,28/03/2019 12:00,WOR700039790030,WOR700039790048,FINISHED-NIA,28/03/2019 15:00,Yes,Yes,In progress,0,
ORD420019902355,ASI000000000035,LOC000084994575,5/03/2019 10:09,26/03/2019 12:00,WOR700038300466,WOR700038300478,COMPLEX-CIVILS-QUOTE,26/03/2019 12:00,Yes,Yes,In progress - Held,0,
ORD420020295101,ASI000000000035,LOC000084994575,14/03/2019 12:58,28/03/2019 11:00,WOR700039115918,WOR700039115925,WORKFORCE-ADDITIONAL-SKILLS,28/03/2019 12:00,Yes,Yes,In progress,0,
ORD420020594494,ASI000000220777,LOC000085611888,21/03/2019 18:44,26/03/2019 12:00,WOR700039769043,WOR700039769062,FINISHED,26/03/2019 13:00,Yes,Yes,Complete,1,
ORD420020519077,ASI000000000035,LOC000086470298,19/03/2019 22:04,27/03/2019 17:00,WOR700039588447,WOR700039588452,FINISHED,27/03/2019 18:00,,Yes,Complete,1,
ORD410001554761,ASI000000220777,LOC000086551274,25/03/2019 13:13,1/04/2019 11:00,WOR700040030165,WOR700040030177,ASSIGNED-TO-SDP,1/04/2019 12:00,,,In progress,0,
ORD410001554960,ASI000000220777,LOC000086551274,25/03/2019 13:41,1/04/2019 17:00,WOR700040035139,WOR700040035141,ASSIGNED-TO-SDP,1/04/2019 18:00,,,In progress,0,
ORD420020606323,ASI000000000035,LOC000086766972,22/03/2019 1:53,28/03/2019 17:00,WOR700039796797,WOR700039796811,COMPLEX-CIVILS-QUOTE,28/03/2019 17:00,Yes,Yes,In progress - Held,0,
ORD420020606458,ASI000000000035,LOC000086766972,22/03/2019 2:02,28/03/2019 17:00,WOR700039797131,WOR700039797149,COMPLEX-CIVILS-QUOTE,28/03/2019 17:00,Yes,Yes,In progress - Held,0,
ORD420020070005,ASI000000220777,LOC000088381740,9/03/2019 13:26,26/03/2019 17:00,WOR700038744421,WOR700038744432,FINISHED,26/03/2019 17:00,Yes,Yes,Complete,1,
ORD420020577628,ASI000000220777,LOC000088381740,21/03/2019 13:50,29/03/2019 17:00,WOR700039727365,WOR700039727377,ON-APPROACH-PRE-CALL-CANCELLATION,29/03/2019 17:00,Yes,Yes,In progress - Pending,0,
ORD410001510868,ASI000000220777,LOC000088828288,18/03/2019 16:17,27/03/2019 12:00,WOR700039419785,WOR700039419802,FINISHED,27/03/2019 12:00,,Yes,Complete,1,
ORD420020626947,ASI000000000026,LOC000089908977,22/03/2019 11:29,27/03/2019 11:00,WOR700039827719,WOR700039827742,WITHIN-3-DAYS-PRE-CALL-CANCELLATION,27/03/2019 13:00,,Yes,Cancelled,0,
ORD420020494820,ASI000000220777,LOC000090377414,19/03/2019 14:13,27/03/2019 12:00,WOR700039527489,WOR700039527491,EU-BODYCORP-PERMISSION,27/03/2019 12:00,Yes,Yes,In progress - Pending,0,
ORD410001502713,ASI000000220777,LOC000090390310,15/03/2019 15:15,29/03/2019 12:00,WOR700039237919,WOR700039237926,PHY-INST-COMP,29/03/2019 12:00,,Yes,Complete,1,
ORD410001502848,ASI000000220777,LOC000090390310,15/03/2019 15:40,29/03/2019 12:00,WOR700039241788,WOR700039241800,ON-APPROACH-PRE-CALL-CANCELLATION,29/03/2019 12:00,Yes,Yes,In progress - Pending,0,
ORD420020004073,ASI000000220777,LOC000090905701,7/03/2019 17:14,27/03/2019 12:00,WOR700038581609,WOR700038581613,FINISHED,27/03/2019 12:00,,Yes,Complete,1,
ORD420020309709,ASI000000001074,LOC000090954348,14/03/2019 19:28,28/03/2019 12:00,WOR700039164365,WOR700039164377,FINISHED,28/03/2019 12:00,,Yes,Complete,1,
ORD420020433816,ASI000000000026,LOC000090954348,18/03/2019 12:56,30/03/2019 12:00,WOR700039389765,WOR700039389796,WITHIN-3-DAYS-PRE-CALL-CANCELLATION,30/03/2019 12:00,,,In progress - Pending,0,
ORD420020369210,ASI000000000035,LOC000092588744,16/03/2019 4:06,28/03/2019 17:00,WOR700039287517,WOR700040381240,PHY-INST-COMP,28/03/2019 17:00,,Yes,Complete,1,
ORD420020389192,ASI000000000035,LOC000092588744,16/03/2019 17:34,29/03/2019 12:00,WOR700039329428,WOR700039329437,ORDER-CAN,29/03/2019 12:00,,,Cancelled,0,
ORD420020447699,ASI000000000035,LOC000092823937,18/03/2019 18:54,29/03/2019 12:00,WOR700039444834,WOR700039444847,ORDER-CAN,29/03/2019 12:00,,,Cancelled,0,
ORD420020656816,ASI000000000035,LOC000092823937,22/03/2019 19:18,1/04/2019 17:00,WOR700039897851,WOR700039897867,ASSIGNED,1/04/2019 17:00,,,In progress,0,
ORD410001443660,ASI000000220777,LOC000094253183,26/02/2019 15:35,25/03/2019 17:00,WOR700038838426,WOR700038838435,EU-DECLINE-CONNECTION,25/03/2019 17:00,Yes,Yes,Cancelled,0,
ORD420020190026,ASI000000000035,LOC000094253183,12/03/2019 18:40,25/03/2019 17:00,WOR700038951757,WOR700038951761,FINISHED,25/03/2019 17:00,,Yes,Complete,1,
ORD420020548574,ASI000000000026,LOC000094458845,20/03/2019 12:25,27/03/2019 17:00,WOR700039629099,WOR700039629109,FINISHED,27/03/2019 17:00,,Yes,Complete,1,
ORD420020640979,ASI000000000035,LOC000094458845,22/03/2019 14:25,28/03/2019 17:00,WOR700039854992,WOR700039855005,FINISHED,28/03/2019 17:00,Yes,Yes,Complete,1,
ORD420020690686,ASI000000001074,LOC000094518854,23/03/2019 11:37,29/03/2019 17:00,WOR700039936857,WOR700039936861,ON-APPROACH-PRE-CALL-CANCELLATION,29/03/2019 17:30,Yes,Yes,In progress - Pending,0,
ORD420020478577,ASI000000000026,LOC000095112091,19/03/2019 5:49,26/03/2019 12:00,WOR700039476359,WOR700039476363,FINISHED-NIA,26/03/2019 12:30,Yes,Yes,In progress - Pending,0,
ORD420020573503,ASI000000000026,LOC000095112091,21/03/2019 12:57,28/03/2019 17:00,WOR700039717803,WOR700039717819,FINISHED,28/03/2019 17:30,Yes,Yes,Complete,1,
ORD420020537475,ASI000000000026,LOC000095209422,20/03/2019 5:41,27/03/2019 17:00,WOR700039603178,WOR700039603204,FINISHED,27/03/2019 18:00,,Yes,Complete,1,
ORD420020560404,ASI000000000026,LOC000095209422,21/03/2019 6:12,28/03/2019 12:00,WOR700039681607,WOR700039681611,EU-DECLINE-CONNECTION,28/03/2019 13:00,Yes,Yes,In progress,0,
ORD420020329442,ASI000000000035,LOC000095927116,15/03/2019 11:46,26/03/2019 12:00,WOR700039211050,WOR700039211078,FINISHED-NIA,26/03/2019 12:00,Yes,Yes,In progress,0,
ORD420020398823,ASI000000220777,LOC000098808406,17/03/2019 11:00,29/03/2019 12:00,WOR700039337067,WOR700039337079,FINISHED,29/03/2019 13:00,,Yes,Complete,1,
ORD420020488219,ASI000000000035,LOC000098808406,19/03/2019 11:07,29/03/2019 17:00,WOR700039499260,WOR700039499273,ORDER-CAN,29/03/2019 19:00,,,Cancelled,0,
ORD420019681969,ASI000000000035,LOC000098928786,27/02/2019 5:42,28/03/2019 12:00,WOR700037776572,WOR700037776586,FINISHED,28/03/2019 12:00,,Yes,Complete,1,
ORD420019682108,ASI000000000035,LOC000098928786,27/02/2019 5:51,27/03/2019 17:00,WOR700037776731,WOR700037776749,FINISHED,27/03/2019 17:00,,Yes,Complete,1,
ORD420019682112,ASI000000000035,LOC000098928786,27/02/2019 5:52,27/03/2019 17:00,WOR700037776712,WOR700037776720,FINISHED,27/03/2019 17:00,Yes,Yes,Complete,1,
ORD420019757250,ASI000000220777,LOC000100306088,28/02/2019 19:53,27/03/2019 12:00,WOR700037989164,WOR700037989172,FINISHED,27/03/2019 13:00,,Yes,Complete,1,
ORD420019985453,ASI000000000035,LOC000101645450,7/03/2019 8:49,28/03/2019 12:00,WOR700038517528,WOR700038517537,FINISHED,28/03/2019 12:00,,Yes,Complete,1,
ORD420020031592,ASI000000001074,LOC000103235274,8/03/2019 13:33,30/03/2019 17:00,WOR700038653960,WOR700038653973,WEATHER-WET-WIND,30/03/2019 17:00,Yes,Yes,In progress - Pending,0,
ORD420020186691,ASI000000001074,LOC000104593647,12/03/2019 17:22,25/03/2019 17:00,WOR700038942088,WOR700038942090,FINISHED-NIA,25/03/2019 17:00,Yes,Yes,In progress,0,
ORD420020444396,ASI000000220282,LOC000104593647,18/03/2019 17:28,28/03/2019 17:00,WOR700039432641,WOR700039432660,FINISHED-NIA,28/03/2019 17:00,Yes,Yes,In progress - Pending,0,
ORD420019916017,ASI000000000035,LOC000104910810,5/03/2019 16:49,1/04/2019 17:00,WOR700038356109,WOR700038356113,ASSIGNED,1/04/2019 18:00,,,In progress,0,
ORD420019812897,ASI000000000035,LOC000105161118,2/03/2019 13:14,28/03/2019 17:00,WOR700038138221,WOR700038138232,WEATHER-WET-WIND,28/03/2019 18:00,,Yes,In progress,0,
ORD420020698819,ASI000000220777,LOC000110549680,23/03/2019 15:37,1/04/2019 12:00,WOR700039958150,WOR700039958166,ASSIGNED,1/04/2019 12:00,,,In progress,0,
ORD420020699616,ASI000000220777,LOC000110549680,23/03/2019 16:04,1/04/2019 12:00,WOR700039960217,WOR700039960229,ASSIGNED,1/04/2019 12:00,,,In progress,0,
ORD420019697873,ASI000000220282,LOC000126459777,27/02/2019 15:05,28/03/2019 12:00,WOR700037895143,WOR700037895158,FINISHED-NIA,28/03/2019 13:00,Yes,Yes,In progress,0,
ORD410001418861,ASI000000001094,LOC000126722503,18/02/2019 11:35,28/03/2019 12:00,WOR700036991824,WOR700036991830,EU-ACCESS-RESTRICTIONS,28/03/2019 13:00,Yes,Yes,In progress - Pending,0,
ORD420020583003,ASI000000001094,LOC000126722503,21/03/2019 15:16,28/03/2019 17:00,WOR700039740860,WOR700039740873,EU-ACCESS-RESTRICTIONS,28/03/2019 18:00,Yes,Yes,In progress - Pending,0,
ORD410001442576,ASI000000220777,LOC000126764330,26/02/2019 11:55,1/04/2019 12:00,WOR700038293192,WOR700038293205,ASSIGNED,1/04/2019 13:00,,,In progress,0,
ORD420020495784,ASI000000000035,LOC000151811925,19/03/2019 14:31,27/03/2019 17:00,WOR700039530970,WOR700039530989,WORKFORCE-ADDITIONAL-SKILLS,27/03/2019 19:00,Yes,Yes,In progress,0,
ORD420020244778,ASI000000001074,LOC000153439677,13/03/2019 18:47,28/03/2019 12:00,WOR700039057570,WOR700039057589,WITHIN-3-DAYS-PRE-CALL-CANCELLATION,28/03/2019 13:00,,,In progress,0,
ORD420020287878,ASI000000001074,LOC000153439677,14/03/2019 7:41,29/03/2019 17:00,WOR700039088140,WOR700039088155,FINISHED-NIA,29/03/2019 18:00,Yes,Yes,In progress,0,
ORD420020644112,ASI000000000035,LOC000154175552,22/03/2019 15:27,29/03/2019 17:00,WOR700039863735,WOR700039863742,COMMENCE-WORK,29/03/2019 17:00,,,In progress,0,
ORD410001494226,ASI000000220777,LOC000155972806,13/03/2019 13:01,28/03/2019 12:00,WOR700039013714,WOR700039013722,BK-CAN-CUST,28/03/2019 12:00,,,Cancelled,0,
ORD410001511001,ASI000000001094,LOC000157430067,18/03/2019 16:33,26/03/2019 17:00,WOR700039421813,WOR700039421832,PHY-INST-COMP,26/03/2019 18:00,,Yes,Complete,1,
ORD420020582147,ASI000000001094,LOC000157430067,21/03/2019 15:04,28/03/2019 12:00,WOR700039738128,WOR700039738137,FINISHED,28/03/2019 13:00,,Yes,Complete,1,
ORD420020135972,ASI000000000035,LOC000158605029,11/03/2019 17:41,30/03/2019 17:00,WOR700038848417,WOR700038848429,WEATHER-WET-WIND,30/03/2019 17:00,,Yes,In progress - Pending,0,
ORD420020326727,ASI000000000035,LOC000158740929,15/03/2019 10:07,28/03/2019 12:00,WOR700039199603,WOR700039199619,BK-RESCHED-SDP,28/03/2019 12:00,,,In progress,0,
ORD420020330385,ASI000000220777,LOC000158740929,15/03/2019 12:15,28/03/2019 12:00,WOR700039214853,WOR700039214869,BK-RESCHED-SDP,28/03/2019 12:00,,,In progress,0,
ORD420019936474,ASI000000000035,LOC000159075081,6/03/2019 9:59,29/03/2019 17:00,WOR700038409358,WOR700039112389,EU-DECLINE-CONNECTION,29/03/2019 17:00,Yes,Yes,Cancelled,0,
ORD420020225650,ASI000000000026,LOC000167709781,13/03/2019 7:42,26/03/2019 12:00,WOR700038982513,WOR700038982521,EU-BODYCORP-PERMISSION,26/03/2019 12:00,Yes,Yes,In progress,0,
ORD420020302154,ASI000000000035,LOC000167709781,14/03/2019 16:19,28/03/2019 12:00,WOR700039141398,WOR700039141403,EU-TECHNICIAN-REQUIRED,28/03/2019 12:00,Yes,Yes,In progress,0,
ORD420020509278,ASI000000000035,LOC000172997904,19/03/2019 19:32,26/03/2019 17:00,WOR700039574226,WOR700039574235,FINISHED,26/03/2019 20:00,,Yes,Complete,1,
ORD420020519264,ASI000000000035,LOC000172997904,19/03/2019 22:10,26/03/2019 17:00,WOR700039588549,WOR700039588554,FINISHED,26/03/2019 20:00,,Yes,Complete,1,
ORD420020247319,ASI000000220777,LOC100018299605,13/03/2019 19:30,26/03/2019 17:00,WOR700039063696,WOR700039063704,PHY-INST-COMP,26/03/2019 17:00,,Yes,Complete,1,
ORD420020564647,ASI000000220777,LOC100018299605,21/03/2019 9:34,29/03/2019 17:00,WOR700039686946,WOR700039686967,FINISHED-NIA,29/03/2019 17:00,Yes,Yes,In progress,0,
ORD410001562673,ASI000000000035,LOC000130563099,26/03/2019 13:15,1/04/2019 17:00,WOR700040138368,WOR700040138381,ON-TIME,1/04/2019 17:30,,,In progress,0,
ORD410001588305,ASI000000000035,LOC000170574098,26/03/2019 19:57,1/04/2019 17:00,WOR700040203939,WOR700040203941,ON-TIME,1/04/2019 17:00,,,In progress,0,
,,,,,,,,,,,,,
